<?xml version="1.0" encoding="UTF-8"?>
<code_scheme name="avast-android">
  <option name="OTHER_INDENT_OPTIONS">
    <value>
      <option name="INDENT_SIZE" value="4" />
      <option name="CONTINUATION_INDENT_SIZE" value="4" />
      <option name="TAB_SIZE" value="4" />
      <option name="USE_TAB_CHARACTER" value="false" />
      <option name="SMART_TABS" value="true" />
      <option name="LABEL_INDENT_SIZE" value="0" />
      <option name="LABEL_INDENT_ABSOLUTE" value="false" />
      <option name="USE_RELATIVE_INDENTS" value="false" />
    </value>
  </option>
  <option name="LINE_SEPARATOR" value="&#10;" />
  <option name="FIELD_NAME_PREFIX" value="m" />
  <option name="STATIC_FIELD_NAME_PREFIX" value="s" />
  <option name="PACKAGES_TO_USE_IMPORT_ON_DEMAND">
    <value />
  </option>
  <option name="IMPORT_LAYOUT_TABLE">
    <value>
      <package name="java" withSubpackages="true" static="false" />
      <package name="javax" withSubpackages="true" static="false" />
      <emptyLine />
      <package name="android" withSubpackages="true" static="false" />
      <emptyLine />
      <package name="" withSubpackages="true" static="false" />
      <emptyLine />
      <package name="com.avast" withSubpackages="true" static="false" />
      <package name="eu.inmite" withSubpackages="true" static="false" />
      <emptyLine />
      <package name="" withSubpackages="true" static="true" />
      <emptyLine />
    </value>
  </option>
  <option name="WRAP_WHEN_TYPING_REACHES_RIGHT_MARGIN" value="true" />
  <AndroidXmlCodeStyleSettings>
    <option name="USE_CUSTOM_SETTINGS" value="true" />
  </AndroidXmlCodeStyleSettings>
  <XML>
    <option name="XML_ATTRIBUTE_WRAP" value="2" />
    <option name="XML_TEXT_WRAP" value="0" />
    <option name="XML_KEEP_LINE_BREAKS" value="false" />
    <option name="XML_ALIGN_ATTRIBUTES" value="false" />
    <option name="XML_SPACE_INSIDE_EMPTY_TAG" value="true" />
    <option name="XML_LEGACY_SETTINGS_IMPORTED" value="true" />
  </XML>
  <codeStyleSettings language="HTML">
    <indentOptions>
      <option name="CONTINUATION_INDENT_SIZE" value="4" />
      <option name="SMART_TABS" value="true" />
    </indentOptions>
  </codeStyleSettings>
  <codeStyleSettings language="JAVA">
    <option name="SPACE_AFTER_TYPE_CAST" value="false" />
    <option name="FIELD_ANNOTATION_WRAP" value="1" />
    <indentOptions>
      <option name="CONTINUATION_INDENT_SIZE" value="4" />
      <option name="SMART_TABS" value="true" />
    </indentOptions>
  </codeStyleSettings>
  <codeStyleSettings language="XML">
    <indentOptions>
      <option name="CONTINUATION_INDENT_SIZE" value="4" />
      <option name="SMART_TABS" value="true" />
    </indentOptions>
    <arrangement>
      <rules>
        <rule>
          <match>
            <AND>
              <NAME>xmlns:android</NAME>
              <XML_NAMESPACE>Namespace:</XML_NAMESPACE>
            </AND>
          </match>
        </rule>
        <rule>
          <match>
            <AND>
              <NAME>xmlns:.*</NAME>
              <XML_NAMESPACE>Namespace:</XML_NAMESPACE>
            </AND>
          </match>
          <order>BY_NAME</order>
        </rule>
        <rule>
          <match>
            <AND>
              <NAME>.*:id</NAME>
              <XML_NAMESPACE>http://schemas.android.com/apk/res/android</XML_NAMESPACE>
            </AND>
          </match>
        </rule>
        <rule>
          <match>
            <AND>
              <NAME>.*:name</NAME>
              <XML_NAMESPACE>http://schemas.android.com/apk/res/android</XML_NAMESPACE>
            </AND>
          </match>
        </rule>
        <rule>
          <match>
            <AND>
              <NAME>name</NAME>
              <XML_NAMESPACE>^$</XML_NAMESPACE>
            </AND>
          </match>
        </rule>
        <rule>
          <match>
            <AND>
              <NAME>style</NAME>
              <XML_NAMESPACE>^$</XML_NAMESPACE>
            </AND>
          </match>
        </rule>
        <rule>
          <match>
            <AND>
              <NAME>.*</NAME>
              <XML_NAMESPACE>^$</XML_NAMESPACE>
            </AND>
          </match>
          <order>BY_NAME</order>
        </rule>
        <rule>
          <match>
            <AND>
              <NAME>.*:layout_width</NAME>
              <XML_NAMESPACE>http://schemas.android.com/apk/res/android</XML_NAMESPACE>
            </AND>
          </match>
        </rule>
        <rule>
          <match>
            <AND>
              <NAME>.*:layout_height</NAME>
              <XML_NAMESPACE>http://schemas.android.com/apk/res/android</XML_NAMESPACE>
            </AND>
          </match>
        </rule>
        <rule>
          <match>
            <AND>
              <NAME>.*:layout_.*</NAME>
              <XML_NAMESPACE>http://schemas.android.com/apk/res/android</XML_NAMESPACE>
            </AND>
          </match>
          <order>BY_NAME</order>
        </rule>
        <rule>
          <match>
            <AND>
              <NAME>.*:width</NAME>
              <XML_NAMESPACE>http://schemas.android.com/apk/res/android</XML_NAMESPACE>
            </AND>
          </match>
          <order>BY_NAME</order>
        </rule>
        <rule>
          <match>
            <AND>
              <NAME>.*:height</NAME>
              <XML_NAMESPACE>http://schemas.android.com/apk/res/android</XML_NAMESPACE>
            </AND>
          </match>
          <order>BY_NAME</order>
        </rule>
        <rule>
          <match>
            <AND>
              <NAME>.*</NAME>
              <XML_NAMESPACE>http://schemas.android.com/apk/res/android</XML_NAMESPACE>
            </AND>
          </match>
          <order>BY_NAME</order>
        </rule>
        <rule>
          <match>
            <AND>
              <NAME>.*</NAME>
              <XML_NAMESPACE>.*</XML_NAMESPACE>
            </AND>
          </match>
          <order>BY_NAME</order>
        </rule>
      </rules>
    </arrangement>
  </codeStyleSettings>
</code_scheme>

